{
    "weights_path": "weights/ResNet50_ImgClassifier.onnx",
    "input_size": 224,
    "means": [
        0.44145816564559937,
        0.44145816564559937,
        0.44145816564559937
    ],
    "stds": [
        0.17827072739601135,
        0.17827072739601135,
        0.17827072739601135
    ],
    "class_name": [
        "Defect",
        "Normal"
    ]
}